dates;SE;S;NE;N
1931-01-01;69317.43;7387.41;14093.85;15764.4
1931-02-01;103221.71;3292.82;13143.88;25975.9
1931-03-01;107163.33;3512.54;18853.06;33212.46
1931-04-01;80191.47;2356.13;20861.6;36119.34
1931-05-01;54985.77;17579.8;14266.7;23369.29
1931-06-01;40742.57;16492.95;7171.22;14843.45
1931-07-01;31972.44;13096.83;5548.64;6549.77
1931-08-01;25415.15;5939.73;4815.98;3991.72
1931-09-01;25927.75;15376.53;4235.06;2832.17
1931-10-01;27668.12;7805.3;4023.56;3281.2
1931-11-01;31860.96;4491.82;5860.89;5935.11
1931-12-01;47556.33;5438.55;6244.84;8713.41
1932-01-01;69316.91;5263.97;11115.99;15088.57
1932-02-01;76915.95;8039.36;13495.98;21289.35
1932-03-01;68536.59;8964.33;9693.4;26234.2
1932-04-01;51802.14;22965.08;6153.21;19063.59
1932-05-01;40218.36;17059.17;4270.51;11874.94
1932-06-01;35205.42;14142.21;3849.59;6832.85
1932-07-01;27370.06;10018.96;3500.14;4600.56
1932-08-01;21321.99;7176.4;2973.17;2757.47
1932-09-01;17886.26;13546.33;2711.37;2181
1932-10-01;25311.49;13658.92;2780.08;2576.94
1932-11-01;31559.84;5935.13;5511.52;4411.12
1932-12-01;58513.45;7975.92;10204.41;8255.26
1933-01-01;79846.9;2988.82;14863.15;13278.75
1933-02-01;68511.38;3631.29;16864.59;23010.55
1933-03-01;58395.61;3163.49;10330.86;25071.5
1933-04-01;53313.6;1911.4;8669.86;26140.19
1933-05-01;38402.18;2369.48;5977.64;21240.02
1933-06-01;27986.78;2577.82;4062.95;9826.26
1933-07-01;21754.79;2749.33;3772.57;4950.06
1933-08-01;17171.03;4110.5;3276.57;2928.32
1933-09-01;16155.38;5905.32;2742.26;1950.22
1933-10-01;21003.13;11668.94;3246.53;2109.3
1933-11-01;22670.65;4902.44;5562.48;5174.11
1933-12-01;44382.01;2065.81;9953.48;9722.36
1934-01-01;57524.08;4145.92;17840.23;15585.33
1934-02-01;52719.16;8994.01;14133.92;20312.13
1934-03-01;52100.22;5645.11;8383.17;26172.49
1934-04-01;43256.2;7732.74;5252.49;27131.28
1934-05-01;30965.9;6622.61;5426.62;22621.29
1934-06-01;22893.08;4981.92;3634.41;11821.45
1934-07-01;18628.85;3932.29;3052.47;5430.79
1934-08-01;13750.12;5356.85;2765.94;3142.1
1934-09-01;13868.5;5865.42;3022.81;1854.83
1934-10-01;15129.58;6730.58;3030.99;2284.51
1934-11-01;18335.35;2832.62;3004.05;2988.98
1934-12-01;46521.67;5756.39;5006.49;8486.1
1935-01-01;72044.06;3055.13;12947.17;21893.72
1935-02-01;91250.1;2345.19;16816.71;28608.81
1935-03-01;80276;3891.52;17192;30695.89
1935-04-01;71617.83;2224.77;13620.38;36458.88
1935-05-01;44921.14;1448.94;12510.58;28008.43
1935-06-01;33567.01;4882.17;6126.88;18520.2
1935-07-01;25153.27;9559.16;4744.85;7257.28
1935-08-01;23890.11;13885.63;3750.76;4638.13
1935-09-01;21157.53;17290.03;3158.85;3241.74
1935-10-01;38068.31;36494.05;3168.41;2831.15
1935-11-01;30654.42;9437.31;3738.76;4693.59
1935-12-01;39424.35;10303.98;6980.96;10804.17
1936-01-01;46943.77;10342.26;8509.72;18591.77
1936-02-01;43766.9;3890.49;8112.53;25228.06
1936-03-01;66129.75;3183.67;12056.92;27997.3
1936-04-01;47714.15;2181.76;8944.03;27461.7
1936-05-01;33491.15;5956.11;6593.34;17969.6
1936-06-01;25492.35;24907.92;4016.12;8583.66
1936-07-01;19540.79;9506.72;3327.66;4653.22
1936-08-01;16915.17;15072.82;2850.83;3105.64
1936-09-01;19524.59;12698.6;2574.56;2266.9
1936-10-01;16661.16;13217.75;2899.97;2108.12
1936-11-01;21219.52;7286.91;4495.96;3650.2
1936-12-01;40413.25;4574;7870.43;7919.8
1937-01-01;75803.25;5274.03;13368.28;10619.3
1937-02-01;58563.38;4492.66;16574.59;14601.37
1937-03-01;58108.26;7903.29;13579.22;18384.19
1937-04-01;52177.28;6597.9;9771.22;25826.08
1937-05-01;38248.46;3940;7257.81;17901.1
1937-06-01;29579.68;3060.43;4455.93;8929.21
1937-07-01;21221.29;4648.91;3728.49;5393.67
1937-08-01;16958.76;6752.13;3128.24;3213.55
1937-09-01;14688.81;8193.39;2714.7;1958.68
1937-10-01;24764.44;12126.96;2679.65;2278.16
1937-11-01;39274.75;12529.39;6508.92;4871.26
1937-12-01;60758.85;5438.76;13701.25;10957.34
1938-01-01;64591.02;8167.27;17959.34;18615.43
1938-02-01;58988.64;13427.26;13512.05;20212.18
1938-03-01;53171.8;4438.84;11819.58;21179.76
1938-04-01;41759.98;6472.84;7444.11;27096.51
1938-05-01;33515.52;14046.05;5163.73;21400.95
1938-06-01;25466.43;18436.51;4250.87;12348.31
1938-07-01;22224.38;20257.12;3473.24;4867.99
1938-08-01;18429.52;6048.18;3048.4;3042.88
1938-09-01;16068.17;5374.38;2856.14;2000.8
1938-10-01;21799.61;4946.01;2697.84;2142.49
1938-11-01;26660.39;4816.39;4006.04;3909.5
1938-12-01;46304.17;3086.54;8768.66;6620.36
1939-01-01;65680.78;3922.65;15002.68;20279.72
1939-02-01;67889.6;4724.06;17168.01;25473.81
1939-03-01;45843.33;9088.28;15792.01;23894.17
1939-04-01;40936.98;5843.68;6528.08;23791.55
1939-05-01;32668.41;11298;4800.86;15552.85
1939-06-01;24009.66;8290.1;3847.03;9310.64
1939-07-01;18711.33;7342.43;3310.21;5883.77
1939-08-01;14957.18;4312.47;3113.64;3554.25
1939-09-01;13479.47;9969.05;2895.7;2336.22
1939-10-01;15944.41;5947.14;3745.43;3135.14
1939-11-01;28888.76;14608;3211.65;5031.16
1939-12-01;44943.11;20680.38;5097.28;8765.46
1940-01-01;66611.91;10353.39;9516.12;17267.45
1940-02-01;89836.32;7256.19;14446.91;30070.72
1940-03-01;86065.41;4142.78;20003.18;36585.8
1940-04-01;53623.6;8077.06;14554.79;33080.21
1940-05-01;40808.57;8264.22;6256.49;24158.02
1940-06-01;30230.63;5459.33;4443.37;16634.67
1940-07-01;23915.59;6097.01;3549.07;6979.63
1940-08-01;20440.51;8066.71;3182.7;4184.58
1940-09-01;18171.68;4720.94;2632.02;2911.71
1940-10-01;18051.52;7445.41;2807.58;2959.44
1940-11-01;35958.96;4265.76;5816.67;5813.28
1940-12-01;42589.54;6400.62;12194.17;9903
1941-01-01;57768.53;6506.02;14323.92;15741.45
1941-02-01;51924.83;12139.34;14191.17;18104.71
1941-03-01;55675.83;7194.67;14649.62;24352.18
1941-04-01;50890.02;7850.72;14601.29;27751.79
1941-05-01;32498.28;16938.95;9225.49;17596.1
1941-06-01;25662.67;12523.33;5085.41;9068.23
1941-07-01;21683.02;8446.4;4250.41;4577.54
1941-08-01;19828.61;16893.56;3845.74;2939.72
1941-09-01;21713.73;9580.98;3071.86;2030.02
1941-10-01;27436.9;9466.99;3255.41;3133.53
1941-11-01;34152.24;12082.32;4913.82;6080.41
1941-12-01;49709.1;9282.68;7124.33;10361.38
1942-01-01;56153.95;4548.39;13905.24;13209.52
1942-02-01;66651.63;10318.9;14116.02;22477.58
1942-03-01;78414.4;8007.3;15239.27;29421.74
1942-04-01;61039.18;10552.17;10873.14;23891.55
1942-05-01;43521.43;11074.82;7064.04;18123.96
1942-06-01;40749.44;8935.89;4665.94;10685.27
1942-07-01;30729.73;8408.67;3910.2;5925.49
1942-08-01;21317.23;7889.81;3410.7;3484.94
1942-09-01;21127.82;6310.72;3057.18;2434.66
1942-10-01;23646.27;7575.51;3946.79;3829.65
1942-11-01;32255.38;2986.07;6664.43;6998.01
1942-12-01;47728.72;2261.07;16527.62;14500.02
1943-01-01;90180.67;2067.51;18835.88;33289.96
1943-02-01;86034.45;3469.28;26635.61;40570.5
1943-03-01;84648.89;2611.61;25141.79;38492.08
1943-04-01;56137.93;1684.38;16160.19;27948.21
1943-05-01;38270.54;3233.96;8956.81;20774.47
1943-06-01;31853.79;11293.21;6318.86;10435.63
1943-07-01;23903.19;7885.66;5310.92;6625.92
1943-08-01;18838.12;12915.52;4516.55;4533.91
1943-09-01;17244.85;10917.56;3892.74;2700.11
1943-10-01;27137.52;8299.18;4015.5;3457.74
1943-11-01;38960.51;5087.63;6515.87;6477.23
1943-12-01;49374.95;2921.66;16226.59;13460.07
1944-01-01;45983.9;6165.59;18751.58;16061.11
1944-02-01;61913.02;3398.95;15209.41;22178.4
1944-03-01;68161.81;6796.82;14936.2;25087.35
1944-04-01;46797.33;3083.58;11677.51;27210.22
1944-05-01;31598.04;1592.08;7791.59;21155.88
1944-06-01;23500.65;2837.3;5222.21;10750.08
1944-07-01;18858.61;2641.81;4398.2;5226.73
1944-08-01;15136.56;1391.68;3851.89;3104.73
1944-09-01;13024.07;2522.34;3325.69;2157.41
1944-10-01;14697.3;2470.47;2949.1;2141.03
1944-11-01;28604.27;4457.13;5050.92;4775.49
1944-12-01;35247.38;3197.09;12038.34;9561.8
1945-01-01;52401.73;1248.91;18223.71;21956.5
1945-02-01;86525.2;2968.99;20664.62;32894.38
1945-03-01;80131.09;3534.12;23666.77;30142.69
1945-04-01;78559.11;1739.22;22815.42;35732.02
1945-05-01;46776.06;1330.63;25954.25;29957.55
1945-06-01;32614.06;2105.46;13098.97;21054.67
1945-07-01;28305.52;6591.17;7883.85;7126.68
1945-08-01;19234;4027.6;6358.26;4435.27
1945-09-01;16921.1;4035.22;5171.06;3194.36
1945-10-01;20730.42;4372.69;5648.87;4448.63
1945-11-01;35994.99;2890.25;9566.76;8119.53
1945-12-01;68365.08;3217.93;17051.64;13651.74
1946-01-01;91237.21;8869.69;20705.86;17968.58
1946-02-01;76477.67;20687.98;30652.07;22646.13
1946-03-01;85900.17;13964.62;13938.49;25769.22
1946-04-01;60022.07;5856.52;16252.66;20531.19
1946-05-01;41151.88;5732.38;11157.14;16648.68
1946-06-01;34405.25;9719.57;7422.79;9180.15
1946-07-01;33089.4;16892.52;6002.77;6820.63
1946-08-01;22527.33;6655.18;5201.97;4180.67
1946-09-01;18326.67;5662.81;4440.25;2572.48
1946-10-01;23127.87;10423.27;4582.56;1577.53
1946-11-01;27749.99;6483.1;6328.18;3289.71
1946-12-01;38066.38;8490.54;11589.23;5444.8
1947-01-01;64756.97;6651.45;11002.96;13278.34
1947-02-01;75473.78;9003.07;14739.32;23446.32
1947-03-01;109257.21;6495.13;18074.85;29984.3
1947-04-01;70213.63;3464.87;22991.35;35908.18
1947-05-01;43700.96;4500.72;14019.2;24898.13
1947-06-01;31950.23;8489.73;7121.97;14655.4
1947-07-01;26550.28;6553.74;5745.98;5565.74
1947-08-01;22690.43;8213.8;4844.73;3723.7
1947-09-01;26376.91;16520.78;4658.77;2924.74
1947-10-01;27908.78;13614.64;4375.36;3437.34
1947-11-01;30166.73;5692.29;9577.55;6446.18
1947-12-01;52269;7279.11;13893.08;10831.1
1948-01-01;62032.05;5023.43;18320.2;17869.36
1948-02-01;68449.49;8186.23;13815.46;23591
1948-03-01;72375.48;6945.18;16609.75;27661.16
1948-04-01;53038.12;7195.78;12630.97;27672.73
1948-05-01;34879.94;11775.4;6790.69;18068.91
1948-06-01;29383.35;6593.93;5563.3;8740.52
1948-07-01;22117.4;7865.22;4894.99;5043.01
1948-08-01;20199.42;16986.27;4138.44;2921.15
1948-09-01;15813.49;5548.36;3615.9;2146.84
1948-10-01;17596.05;7275.52;3773.58;2057.19
1948-11-01;26716.76;8044.12;4332.38;2608.78
1948-12-01;58605.92;2558.89;15962.12;12950.02
1949-01-01;63069.31;2751.33;22471.56;26781.25
1949-02-01;87303.36;1565.41;27835.46;30099.45
1949-03-01;68314.49;3563.68;37330.56;29418.77
1949-04-01;50516.07;6100.77;22960.58;20611.95
1949-05-01;37599.34;4527.15;10769.64;17577.13
1949-06-01;29083.37;8430.86;7906.03;8804.26
1949-07-01;22255.22;4963.08;6480.74;5483.42
1949-08-01;17559.9;5294.89;5468.13;3369.34
1949-09-01;14539.38;7687.84;4688.17;2270.3
1949-10-01;18250.77;6348.04;4355.33;1870.92
1949-11-01;25377.88;2989.23;8725.4;3768.71
1949-12-01;41943.84;2215.18;9692.62;6380.41
1950-01-01;53960.61;5626.43;13674.45;9335.24
1950-02-01;78671.76;5350.8;13457.17;16861.48
1950-03-01;72249.84;8382.41;10753.49;21171.83
1950-04-01;53885.69;3934.32;11691.17;25832.86
1950-05-01;38266.02;5108.03;8224.61;22770.53
1950-06-01;28076.02;4510.01;5240.53;14061
1950-07-01;22262.79;4181.26;4526.18;5208.16
1950-08-01;16427.73;8413.04;3939.26;2810.75
1950-09-01;13793.46;6227.54;3250.13;1920.49
1950-10-01;20582.82;19270.31;3719.82;2073.98
1950-11-01;35266.33;7206.01;6119.19;3210.16
1950-12-01;51925.68;5463.35;12153.09;6587.02
1951-01-01;65934.99;6518;12813.38;12516.17
1951-02-01;80175.17;12286.07;12086.33;15696.93
1951-03-01;82217.72;11392.94;13950.23;18399.96
1951-04-01;60415.77;3797.72;14424.5;15489.38
1951-05-01;39154.41;2127.22;8105.26;13633.85
1951-06-01;30415.93;2112.45;5586.15;7927.76
1951-07-01;23944.26;2786.23;4459.53;5032.15
1951-08-01;19098.42;1368.41;3804.74;2802.17
1951-09-01;16010.02;1547.2;3291.16;1954.86
1951-10-01;18304.12;14986.65;3016.4;1629.87
1951-11-01;21169.71;11008.49;2844.29;2077.8
1951-12-01;32769.88;6387.55;4475.88;5098.41
1952-01-01;43638.59;3611.99;9677.38;9725.17
1952-02-01;62797.37;3376.5;13394.97;13693.56
1952-03-01;91653.7;2215.08;17539.69;18857.95
1952-04-01;54670.15;1895.1;20610.21;26104.43
1952-05-01;35454.29;1042.03;10653.77;21932.01
1952-06-01;29970.25;7470.64;5947.7;10766.1
1952-07-01;22089.8;8769.71;4819.88;4840.25
1952-08-01;17297.83;3450.94;3965.79;2847.36
1952-09-01;16352.84;10205.81;3523.38;2089.57
1952-10-01;18813.49;16115.7;3466.72;2024.75
1952-11-01;28403.45;9913.4;4823.39;2425.9
1952-12-01;35936.22;4234.58;11070.66;5989.02
1953-01-01;34574.67;5132.05;11723.8;12203.83
1953-02-01;37917.32;6779.01;5430.77;17420.29
1953-03-01;46238.37;3994.99;7849.12;18135.55
1953-04-01;47427.38;3806.12;11237.92;23521.13
1953-05-01;30768.15;3227.16;6177.35;19704.88
1953-06-01;23961.92;5404.98;3975.43;12776.57
1953-07-01;17979.88;4312.89;3352.76;4123.67
1953-08-01;14299.43;3485.71;2929.34;2445.57
1953-09-01;14575.39;13162.97;2592.2;1672.09
1953-10-01;20910.49;17481.75;3187.35;2924.3
1953-11-01;26383.62;14765.88;4505.32;4499.98
1953-12-01;41257.3;6234.36;9551.1;8642.19
1954-01-01;39541.05;9723.58;13945.6;12909.05
1954-02-01;57657.45;6511.56;8201.45;17718.46
1954-03-01;45613.76;7957.1;9155.9;23582.71
1954-04-01;39199.68;6611.31;7814.82;22635.5
1954-05-01;41268.76;18090.24;4435.11;19158.52
1954-06-01;30249.12;20389.95;3726.21;9628.28
1954-07-01;19916.72;20862.06;2958.19;4807.15
1954-08-01;14221.6;6558.81;2642.76;2780.27
1954-09-01;11717.33;21150.97;2180.4;1606.46
1954-10-01;13114.47;25146.24;1958.42;1187.43
1954-11-01;19470.91;6667.41;2938.19;2209.73
1954-12-01;29460;4375.05;10445.79;7103.75
1955-01-01;45238.98;3524.28;7945.17;11631.73
1955-02-01;38487.54;4635.43;12193.42;20999.81
1955-03-01;43080.85;4532.31;6836.45;20237.84
1955-04-01;41998.06;9904.15;7829.19;23307.01
1955-05-01;27140.2;14216.43;4724.05;20740.53
1955-06-01;24968.73;19779;3198.62;15808.32
1955-07-01;19452.32;24715.09;2745.61;4487.95
1955-08-01;14076.96;10859.28;2394.62;2564.95
1955-09-01;12990.16;10067.53;2057.71;1726.98
1955-10-01;13670.26;6281.83;1933.53;1803.05
1955-11-01;21494.09;3661.99;5976.66;3996.4
1955-12-01;42300.33;3793.28;10068.99;7044.02
1956-01-01;47361.66;7978.5;15734.1;13889.26
1956-02-01;38581.17;8284.52;7700.57;19350.09
1956-03-01;50743.57;3320.96;13105.43;23903.93
1956-04-01;38384.82;11652.51;8718.55;25085.79
1956-05-01;38826.52;12325.41;5155.13;21188.42
1956-06-01;38417.65;7327.52;4923.41;10230.93
1956-07-01;25137.82;6084.08;4126.98;6283.57
1956-08-01;26323.19;10364.5;3218.61;3979.21
1956-09-01;18711.15;11799.15;2733.39;2976.31
1956-10-01;17404.24;7027.62;2486.01;2772.37
1956-11-01;28403.33;3087.84;4329.22;6583.76
1956-12-01;53024.3;2429.19;11633.51;14259.96
1957-01-01;68384.13;4457.42;18022.94;32328.61
1957-02-01;74749.91;8078.61;21129.49;31926.19
1957-03-01;76731.3;4555.92;23049.6;39001.76
1957-04-01;69671.79;4589.24;24619.43;44494.52
1957-05-01;43996.92;4374.3;18835.01;29160.7
1957-06-01;32277.45;6527.42;8844.79;18495.6
1957-07-01;32629.28;19240.19;6306.3;7287.79
1957-08-01;28202.97;35765.3;5056.7;4658.41
1957-09-01;34068.71;34403.4;4190.47;3478.68
1957-10-01;25329.35;13895.66;4554.93;3200.27
1957-11-01;32689.63;10254.47;4201.94;3135.67
1957-12-01;50192.72;6202.81;12320.55;7977.78
1958-01-01;51178.13;4548.89;11807.76;12265.27
1958-02-01;70413.06;3339.92;15350.28;21380.23
1958-03-01;61726.93;8879.83;11133.55;26717.34
1958-04-01;53467.97;3804;9569.54;31754.76
1958-05-01;42385.63;2570.95;7532.53;24667.39
1958-06-01;35718.4;7780.82;5146.56;12696.65
1958-07-01;26705.93;4000.05;4321.07;5131.4
1958-08-01;19668.53;9667.11;4319.22;3311.67
1958-09-01;22409.48;16461.15;3358.31;2370.53
1958-10-01;23833.5;12494.84;4426.9;2362.12
1958-11-01;29217.61;11649.09;5835.26;3280.58
1958-12-01;38696.21;11030.41;5030.7;6001.8
1959-01-01;76391.94;5737.33;10976.83;18624.16
1959-02-01;65800.56;7841.54;11364.62;27592.51
1959-03-01;69211.62;4664.46;10174.8;29779.12
1959-04-01;53673.01;7666.55;8758.47;28644.52
1959-05-01;35985.78;8034.76;4204.25;22444.41
1959-06-01;27479.94;7472.32;3412.23;11394.8
1959-07-01;20674.81;5115.12;3083.63;5879.84
1959-08-01;18020.1;6479.94;2741.13;3226.06
1959-09-01;14519.37;10768.33;2485.83;2273.33
1959-10-01;17042.72;7326.83;2780.61;1721.24
1959-11-01;28319.51;3162.55;4825.56;2937.31
1959-12-01;35343.39;2482.05;7859.88;6160.1
1960-01-01;60924.11;2393.64;10527.36;8981.85
1960-02-01;72907.32;4358.23;17500.83;20699.47
1960-03-01;77371.43;3673.96;27171.06;27334.67
1960-04-01;53545.95;3883.12;21510.73;30254.11
1960-05-01;40636.54;3447.84;7981.23;22531.32
1960-06-01;31313.7;5997.88;5560.06;13298.69
1960-07-01;24602.81;3903.52;4329.41;5450.47
1960-08-01;20438.99;13163.27;3652.24;3084.41
1960-09-01;15992.88;13857.69;3071.26;2058.4
1960-10-01;18954.89;11882.6;2743.84;1850.69
1960-11-01;31073.09;11777.75;3242.68;4461.53
1960-12-01;49655.15;5250.42;11833.49;8927
1961-01-01;82575.38;5019.27;16758.14;15878.71
1961-02-01;87744.04;4785.68;22582.84;28138.69
1961-03-01;90554.28;15979.53;19169.74;29654.21
1961-04-01;60891.35;9746.01;11080.56;18065.22
1961-05-01;49128.93;6907.68;6994.62;13933.84
1961-06-01;34379.17;8418.5;5299.8;8246.47
1961-07-01;25701.72;6350.46;4291.74;4904.95
1961-08-01;19986.71;3585.51;3600.59;2911.79
1961-09-01;17061.32;20809.11;3024.97;1899.86
1961-10-01;16342.46;21777.35;2626.85;1416.93
1961-11-01;26051.57;18615.41;3169.11;2640.76
1961-12-01;34443.87;8580.36;4531.1;4366.25
1962-01-01;57371.15;4663.38;10390.97;8426.28
1962-02-01;74547.49;5430.6;15886.97;14679.08
1962-03-01;72759.93;6557.79;13224.09;20454.49
1962-04-01;47988.41;3394.65;10135.28;24070.23
1962-05-01;35668.78;4631.32;6055.99;15640.32
1962-06-01;28930.12;4110.94;4451.18;6950.76
1962-07-01;21407.73;4608.61;3768.15;3751.78
1962-08-01;17675.42;3206.5;3111.38;3099.5
1962-09-01;17850.2;9158.34;2497.04;1979.01
1962-10-01;26823.56;11056.31;3275.96;1843.87
1962-11-01;28738.59;5866.7;5604.48;3292.42
1962-12-01;59698.15;3114.37;8813.81;7107.78
1963-01-01;75038.6;5393.82;16220.55;16280.19
1963-02-01;71101.12;11790.01;19399.97;20392.93
1963-03-01;54248.03;10805.88;11242.34;24229.14
1963-04-01;40512.25;6526.78;5218.29;17049.95
1963-05-01;29808.03;3257.1;4376.32;16147.18
1963-06-01;23864.26;2423.94;3345.19;8815.76
1963-07-01;18964.48;2243.3;2937.59;4813.19
1963-08-01;15392.92;5819.56;2676.78;2915.92
1963-09-01;12901.24;7642.22;2370.76;2014.66
1963-10-01;14766.8;21864.95;2119.07;1479.24
1963-11-01;23880.39;19846.27;2727.85;2152.08
1963-12-01;20950.85;9589.09;4180.03;3745.23
1964-01-01;46315.07;3412.69;12536.21;22449.55
1964-02-01;70702.91;4758.54;24150.39;31227.24
1964-03-01;49165.49;3567.91;17471.35;30584.94
1964-04-01;39516.19;6106.99;8949.56;28675.35
1964-05-01;31427.78;6799.3;5325.22;22394.41
1964-06-01;23651.2;5637.84;3670.16;15390.8
1964-07-01;19986.36;6536.88;3138.45;5343.66
1964-08-01;15958.93;10798.25;2891.99;3097.04
1964-09-01;12927.51;12750.43;2296.49;2069.39
1964-10-01;21444.56;7517.16;2607.04;2656.94
1964-11-01;31405.69;4239.04;7918.99;4391.32
1964-12-01;47058.74;3963.39;12564.12;9718.32
1965-01-01;73757.74;3437.98;15283.71;12053.87
1965-02-01;90977.67;4511.27;14772.38;21224.88
1965-03-01;97763.04;4218.6;15878.4;25286.2
1965-04-01;64746.17;3647.74;17973.04;31181.04
1965-05-01;54904.95;13988.57;9062.54;24238.77
1965-06-01;36969.75;5799.54;5562.41;11072.88
1965-07-01;31754.78;14094.51;4491.27;5349.99
1965-08-01;24146.91;20453.76;3846.87;3301
1965-09-01;18946.92;20991.49;3200.15;2646.87
1965-10-01;33803.96;18481.94;4006.19;2551.31
1965-11-01;39994.05;11008.99;7756.21;3932.06
1965-12-01;60646.21;15328.17;12002.93;8699.06
1966-01-01;82397.8;10634.72;12386.72;10560.4
1966-02-01;90732.02;20923.35;17830.96;20417.96
1966-03-01;84604.67;13173.79;19400.54;22395.81
1966-04-01;57922.02;5400.97;14443.52;26970.79
1966-05-01;43008.08;3552.01;7981.88;21279.87
1966-06-01;32361.38;8470.03;5747.18;10245
1966-07-01;26225.49;9562.6;4619.18;5535.55
1966-08-01;20938.17;8968.94;4071.16;3220.79
1966-09-01;19701.46;17299.17;3509.61;2216.15
1966-10-01;26601.49;15995.45;3536.12;2466.72
1966-11-01;39375.65;11162.97;5387.6;3899
1966-12-01;47878.74;11606.95;7555.42;6498.72
1967-01-01;74282.2;7712.19;14645.85;11625.33
1967-02-01;81015.14;9119.76;13590.69;15470.3
1967-03-01;72503.65;10908.2;12836.35;19223.5
1967-04-01;53791.42;4912.13;13017.05;29714.07
1967-05-01;35648.38;2737.23;8203.41;23395.85
1967-06-01;31446.51;5139.02;4605.07;16513.44
1967-07-01;24159.11;6223.97;3890.06;5017.82
1967-08-01;19147.25;9702.55;3367.89;2873.97
1967-09-01;17649.64;17432.68;2898.97;2086.3
1967-10-01;17590.04;7808.57;2696.97;1874.61
1967-11-01;30734.38;5634.69;4613.33;3117.82
1967-12-01;46864.13;7531.04;12320.33;6527.88
1968-01-01;59283.19;4253.23;16335.94;10609.38
1968-02-01;57426.82;3257.19;14619.63;14914.95
1968-03-01;64655.89;2366.39;20480.82;29841.21
1968-04-01;40460.14;2925.79;16124.12;30020.82
1968-05-01;27996.01;2443.8;7385.58;20668.02
1968-06-01;21316.07;2042.98;5029.11;9438.75
1968-07-01;17605.62;3806.97;4348.21;4998.25
1968-08-01;16737.34;1834.25;3939.86;2846.89
1968-09-01;15796.86;3902.25;3716.41;2133.35
1968-10-01;19121.1;3836.19;3754.04;1963.11
1968-11-01;24038.81;8129;5853.09;3190.78
1968-12-01;44322.12;5210.86;13591.51;12928.4
1969-01-01;41529.4;9411.45;10159.06;14173.51
1969-02-01;48045.09;10118.63;12903.91;19301.89
1969-03-01;43701.21;7358.31;13694.22;23880.62
1969-04-01;32750.64;12325.75;8088.1;21351.78
1969-05-01;23484.7;6773.71;5159.9;16738.61
1969-06-01;22857.27;14529.06;3900.47;8330.27
1969-07-01;16910.91;9920.5;3426.99;3969.4
1969-08-01;13344.24;4680.78;3020.65;2495.31
1969-09-01;11299.79;6848.02;2563.89;1742.41
1969-10-01;22740.24;7923.82;2653.68;1678.23
1969-11-01;41931.98;12112.19;6730.11;2463.57
1969-12-01;46686.95;5009.3;15556.68;5532.39
1970-01-01;65161.33;5178.14;19235.16;12718.83
1970-02-01;68292.4;4433.19;18984.75;20803.55
1970-03-01;69945.27;4388.99;15018.3;30959.16
1970-04-01;44793.96;3177.46;7891.31;22273.32
1970-05-01;33370.79;7246.53;6032.63;18743.77
1970-06-01;26730.33;13879.4;4399.52;7457.65
1970-07-01;23265.04;16813.41;3912.78;4011.02
1970-08-01;16543.78;6891.81;3390.99;2657.82
1970-09-01;21299.45;7185.42;3142.47;1928.05
1970-10-01;24132.25;9915.21;4661.34;2103.33
1970-11-01;27438.99;3952.85;9329.69;4315.35
1970-12-01;28773.73;10775.7;8838.95;4619.89
1971-01-01;38140.13;21704.98;5261.4;5318.4
1971-02-01;32235.72;11551.42;4493.71;10105.08
1971-03-01;37624.28;11745.93;5312.02;14015.51
1971-04-01;31190.97;12697.02;5169.43;19521.71
1971-05-01;24703.19;15146.98;3782.01;16013.86
1971-06-01;23346.78;18297.17;2765.89;9114.68
1971-07-01;20629.49;16385.79;2638.81;4847.31
1971-08-01;15053.61;12457.78;2279.79;2831.33
1971-09-01;14348.55;6891.27;2273.14;1923.17
1971-10-01;21336.25;7109.11;3233.92;2004.76
1971-11-01;29206.43;2754.47;7497.03;5285.95
1971-12-01;51498.59;2416.21;18099.4;9093.28
1972-01-01;48762.8;4679.57;15695.6;10660.43
1972-02-01;69368.12;12258.28;8442.46;18300.67
1972-03-01;65426.86;8985.49;9965.95;24244.94
1972-04-01;49427.83;7438.32;8859.83;22543.76
1972-05-01;32074.25;3074.1;5899.29;17246.22
1972-06-01;25563.19;13287.53;3853.53;7596.52
1972-07-01;25228.32;11422.6;3375.18;4109.84
1972-08-01;22105.17;22893.89;3170.56;2437.98
1972-09-01;22189.62;28869.69;2642.07;1805.99
1972-10-01;45422.16;18620.25;3876.73;1723.06
1972-11-01;48107.15;10940.46;5706.94;2543.39
1972-12-01;56669.66;10158.02;12032.33;5093.09
1973-01-01;64682.49;10643.13;13638.71;11616.26
1973-02-01;67852.72;10512.6;11217.29;13077.06
1973-03-01;62623.69;6810.25;10955.63;22537.69
1973-04-01;62340.5;5201.56;13698.79;28071.7
1973-05-01;41042.52;12362.32;6660.01;23130.89
1973-06-01;32676.1;14513.14;4443.58;10748.68
1973-07-01;27900.66;17867.6;3778.4;5752.64
1973-08-01;21590.27;20566.53;3084.17;3789.64
1973-09-01;21265.65;23203.54;2529.71;2394.54
1973-10-01;28539.91;14403.4;3742.42;3182.28
1973-11-01;41063.26;9262.73;9408.01;5985.63
1973-12-01;53623.66;5232.3;13140.14;11785.43
1974-01-01;75939.92;8180.64;13688.2;14541.99
1974-02-01;60191.16;8956.26;10792.48;25969.85
1974-03-01;79425.9;9741.83;12700.25;33064.21
1974-04-01;69811.87;4599.24;18187.15;36703.79
1974-05-01;45028.81;4182.63;10295.86;33104.05
1974-06-01;36695.33;9947.08;5437.02;20303.82
1974-07-01;28376.66;7275.57;4225.15;8400.24
1974-08-01;21660.28;5177.81;3717.04;4676.23
1974-09-01;19017.73;8387.69;3277.08;3434.22
1974-10-01;22283.03;4201.46;3261.57;3341.56
1974-11-01;25443.97;6066.23;5688.84;4191.28
1974-12-01;42545.47;5031.36;7515.91;8061.34
1975-01-01;60372.75;6035.58;12635.51;13251.13
1975-02-01;60702.39;5848.31;12195.01;25416.96
1975-03-01;50438.67;5378.68;8438.83;25984.06
1975-04-01;47564.94;3513.89;7467.96;29613
1975-05-01;32685.19;2890.87;6376.89;25808.42
1975-06-01;24901.93;5784.66;3805.29;12973.23
1975-07-01;22973.34;4652.28;3822.31;6718.23
1975-08-01;17336.57;11106.4;2984.7;3994.59
1975-09-01;14144.31;17639.89;2472.33;2724.67
1975-10-01;25356.48;20531.33;2875.73;2246.75
1975-11-01;34902.82;9777.15;6846.78;3424.48
1975-12-01;51369.48;18193.6;8358.53;5912.99
1976-01-01;51095.43;12499.74;6170.47;10396.37
1976-02-01;61473.9;7446.02;6028.64;17313.08
1976-03-01;63949.72;8014.98;6371.26;22898.39
1976-04-01;51832.7;5854.13;5462.1;20732.28
1976-05-01;39413.3;7633.67;3174.93;15778.64
1976-06-01;39754.07;14758.96;3070.01;8539.61
1976-07-01;29951.23;8114.91;2463.47;4729.14
1976-08-01;28096.77;17131.46;2288.92;2683.33
1976-09-01;31626.63;10450.11;2642.99;1954.59
1976-10-01;33182.32;7044.08;4516.67;2755.48
1976-11-01;44382.44;11610.86;6489.52;4775.79
1976-12-01;65996.33;11399.47;13669.4;10186.59
1977-01-01;83873.93;10419.7;15082.24;16051.56
1977-02-01;84498.58;12307.36;18079.36;30522.52
1977-03-01;54640.13;8762.52;7068.38;28264.33
1977-04-01;58073.77;7890.5;6802.82;25241.15
1977-05-01;40140.9;3363.89;6103.72;27320.79
1977-06-01;33255.23;5965.11;4125.2;14486.19
1977-07-01;24743.88;8027.94;3536.22;7126.93
1977-08-01;18776.03;16086.01;2876.85;3743.08
1977-09-01;21371.82;6921.68;2714.27;2517.21
1977-10-01;22122.99;11201.51;3617.2;3270.08
1977-11-01;33635.79;10848.02;4182.22;5186.03
1977-12-01;58659.32;7641.98;8409.93;8624.51
1978-01-01;83180.61;4543.04;16865.51;27464.1
1978-02-01;61385.32;3227.78;16503.56;28009.68
1978-03-01;73724.31;3848.37;20506.34;38095.05
1978-04-01;50550.52;1783.95;12553.59;32460.3
1978-05-01;39300.58;1440.1;8525.9;26984.64
1978-06-01;34427.56;1839.12;6835.26;14469.2
1978-07-01;29287.19;6902.36;4681.74;7124.65
1978-08-01;21564.8;6248.18;4486.95;4641.6
1978-09-01;21654.33;8979.98;3623.03;3129.73
1978-10-01;20985.36;4515.22;4455.69;3150.86
1978-11-01;34338.91;8485.51;6159.24;3768.26
1978-12-01;55280.43;5658.21;11175.06;7711.01
1979-01-01;80434.28;3321.61;18865.1;19395.47
1979-02-01;105344.07;2172.06;29464.98;38368.02
1979-03-01;71905.89;3052.72;46140.1;37084.08
1979-04-01;56306.4;3844.76;23408.55;30008.88
1979-05-01;47254.41;15946.9;11383.8;19413.9
1979-06-01;34370.31;5785.94;8298.24;9319.67
1979-07-01;27275.39;7908.46;6761.51;5206.85
1979-08-01;24567.31;8199.22;5882.66;3610.77
1979-09-01;30153.08;8494.25;5845.05;3426.43
1979-10-01;27887.31;25846.37;6018.63;3491.17
1979-11-01;36496.47;19530.66;9542.46;4947.16
1979-12-01;47946.25;13850.64;9889.76;6627.88
1980-01-01;84953.78;7594.37;18583.89;17457.91
1980-02-01;105501.31;5621.95;30788.25;36858.34
1980-03-01;78633.67;9674.8;32618.02;46078.52
1980-04-01;67669.45;4635.36;13946.32;35357.43
1980-05-01;45794.25;6292.33;10912.28;18580
1980-06-01;36676.93;4275.02;7133.93;8808.25
1980-07-01;31975.87;10466.15;6592.46;5333.61
1980-08-01;24509.08;18043.93;5621.39;3653
1980-09-01;25725.22;17964.21;5001.14;2928.19
1980-10-01;25202.89;11875.62;5316.18;2962.35
1980-11-01;31207.53;11082.18;6664.17;4195.77
1980-12-01;59774.04;16015.48;13777.13;10816.5
1981-01-01;80899.6;13589.4;17401.16;22738.93
1981-02-01;60266.61;11454.25;15420.15;27666.68
1981-03-01;57863.02;4286.19;14634.88;21901.86
1981-04-01;54803.62;4155.8;18919.73;27574.83
1981-05-01;38840.87;3704.41;8916.24;16438.16
1981-06-01;33946.52;3955.71;6240.95;7750.23
1981-07-01;24188.55;3128.11;5082.24;4728.26
1981-08-01;19996.63;2745.7;4539.97;3308.98
1981-09-01;16347.76;6189.04;4201.48;2671.19
1981-10-01;29201.12;7317.74;5382.47;2535.24
1981-11-01;53212.4;7521.57;12686.58;5665.36
1981-12-01;71648.83;10693.5;18075.77;11217.03
1982-01-01;96978.78;4354.34;21089.01;22629.32
1982-02-01;88779.36;6253.29;23294.49;34549.42
1982-03-01;103366.24;4505.09;22179.2;33403
1982-04-01;80574.43;2386.58;20816.95;31849.02
1982-05-01;54329.41;2352.28;12345.67;24715.15
1982-06-01;49440.43;11688.73;8053.33;11648.86
1982-07-01;45282.14;23457.88;6326.31;5990.51
1982-08-01;31037.55;10660.85;5353.26;3804.71
1982-09-01;25271.65;6300.98;4898.88;2975.78
1982-10-01;37467.92;19695.65;5018.47;3596.47
1982-11-01;44960.17;33358.79;5048.26;3823.45
1982-12-01;68890.73;16308.86;5506.56;4587.7
1983-01-01;108843.76;10377.81;14580.04;10753.46
1983-02-01;132534.91;11125.69;22681.55;30220.14
1983-03-01;108185.52;18431.2;28072.61;27015.15
1983-04-01;87126.54;11652.39;21354.21;26685.25
1983-05-01;71847.03;33528.85;13973.15;12678.67
1983-06-01;89188.01;28589.11;8108.38;6233.26
1983-07-01;56668.75;69822.5;6307.86;3720.61
1983-08-01;38087.92;29490.95;5712.83;2780.98
1983-09-01;48340.99;17034.36;4494.21;2256.82
1983-10-01;53748.5;15029.5;5898.84;2555.29
1983-11-01;57877.84;11600.3;11256.44;4335.14
1983-12-01;79025.3;7430.15;17466.1;8952.13
1984-01-01;74626.28;6706.36;19119.3;13338.29
1984-02-01;60351.88;6270.37;9688.71;15835.86
1984-03-01;55554.21;5863.4;8398.98;19785.41
1984-04-01;60786.23;6538.21;12440.22;27589.78
1984-05-01;49681.61;11340.21;6333.07;23671.5
1984-06-01;33669.5;19182.77;4387.31;10239.5
1984-07-01;26093.37;14510.4;3877.25;4963.83
1984-08-01;23734.94;28608.44;3476.38;3019.38
1984-09-01;25126.7;12796.32;4178.42;2740.87
1984-10-01;23671.39;12471.2;4442.08;2647.7
1984-11-01;28603.81;12958.37;5486.57;4174.59
1984-12-01;52687.42;8891.44;11550.58;5536.89
1985-01-01;85466.97;3663.73;18526.18;16741.83
1985-02-01;85239.04;8910.91;24924.89;32310.2
1985-03-01;85574.71;6051.85;22036.3;31766.9
1985-04-01;66830.19;10447.23;21984.75;34377.85
1985-05-01;49866.44;7608.87;9908.75;28791.51
1985-06-01;36618;4435.55;6163.14;14405.45
1985-07-01;28947.7;5075.98;4911.13;6699.22
1985-08-01;23659.78;6374.02;4408.82;4034.64
1985-09-01;21921.67;7026.2;4219.72;2735.69
1985-10-01;21722.71;4099.61;5473;3305.67
1985-11-01;29153.94;4420.41;6915.57;5909.33
1985-12-01;38765.39;1442.18;11419.16;13729.25
1986-01-01;65407.59;2207.91;18665.06;31708.61
1986-02-01;65197.29;4867.74;22703.13;29840.88
1986-03-01;64093.81;4608.69;15522.02;31772.39
1986-04-01;49638.89;8178.72;7616.66;29115.11
1986-05-01;43886.2;7168.43;5651.46;21533.73
1986-06-01;32192.44;8134.56;4233.47;10442.97
1986-07-01;25550.76;4617.95;3917.01;5798.54
1986-08-01;26605.21;6397.94;3857.65;3496.71
1986-09-01;20961.23;8732.78;3653.88;2805.87
1986-10-01;20278.03;8814.02;3230.59;4151.17
1986-11-01;21276.59;10924.01;3746.04;6089.92
1986-12-01;48554.48;10004.98;5703.41;6913.28
1987-01-01;63870.99;10060.67;9699.94;11359.78
1987-02-01;71700.67;9720.83;7956.36;13097.01
1987-03-01;59400.84;3465.53;8200.71;24603.2
1987-04-01;51334.61;9114.21;9140.1;24093.98
1987-05-01;48430.8;28826.36;5583.61;14502.81
1987-06-01;39787.88;16680.69;3730.02;6548.74
1987-07-01;27430.93;13475.38;3420.13;3735.75
1987-08-01;20781.41;10638.25;2756.4;2493.67
1987-09-01;20704.5;7255.88;2694.86;1965.75
1987-10-01;23154.77;13570.69;3089.66;2203.28
1987-11-01;33444.02;6194.35;4522.23;2996.8
1987-12-01;57780.09;3783.74;10721.98;7679.23
1988-01-01;58375.14;4164.84;16111.01;14575.9
1988-02-01;71125.36;5450.55;10940.96;18319.39
1988-03-01;78374.92;4233.33;13596.26;28613.46
1988-04-01;60327.02;5167.18;10355.3;29100.86
1988-05-01;47893.19;19085.47;6468.47;24153.71
1988-06-01;40444.24;14336.32;3911.29;10951.86
1988-07-01;26521.07;5880.25;3328.14;5679.01
1988-08-01;20549.73;2576.99;3328.09;3317.49
1988-09-01;17334.75;8409.23;3195.14;2435.07
1988-10-01;22592.1;6307.63;3281.19;2506.48
1988-11-01;29067.34;4033;5132.92;4379.62
1988-12-01;38649.98;2845.51;8155.3;12706.9
1989-01-01;67924.67;9986.79;11170.44;20184.15
1989-02-01;74501.53;14814.64;7840.81;21577.89
1989-03-01;68907.14;7586.11;9518.19;27114.58
1989-04-01;49977.36;7588.99;6020.03;30113.63
1989-05-01;38425.41;12744.26;4207.66;22972.92
1989-06-01;29975.02;3671.02;3287.17;12969.1
1989-07-01;25807.34;8571.05;3234.04;7140.64
1989-08-01;28300.38;10933.44;3012.8;4163.09
1989-09-01;28872.49;29606.46;2822.13;3057.24
1989-10-01;22825.97;12077.44;3088.53;3004.21
1989-11-01;30708.07;5332.58;5345.14;6253.66
1989-12-01;68983.55;3290.69;20445.19;21022.4
1990-01-01;90815.11;17821.51;28011.29;34700.84
1990-02-01;54364.88;10640.51;12420.87;25090.84
1990-03-01;57407.28;6710.82;9666.98;31050.83
1990-04-01;45691.61;12525.44;6645.72;25973.13
1990-05-01;39095.57;13020.16;4255.44;16127.3
1990-06-01;30532.03;31654.07;3397.49;8418.56
1990-07-01;29475.53;14903.15;3490.48;5032.24
1990-08-01;25023.81;14622.62;3209.26;3401.96
1990-09-01;28268.32;20464.13;3232;2754.14
1990-10-01;29679.83;24175.18;3540.43;2834.76
1990-11-01;30344.21;17569.24;4449.89;3558.11
1990-12-01;33056.56;7448.13;5182.36;5374.38
1991-01-01;59931.18;3556.02;10416.36;13791.67
1991-02-01;80459.26;3748.77;15699.11;23483.11
1991-03-01;83652.85;2661.22;14311.34;25788.61
1991-04-01;83510.81;2970.72;15623.83;30955.14
1991-05-01;49747.17;2469.8;7778.1;26186.89
1991-06-01;36961.51;10352.36;4830.13;13799.01
1991-07-01;29683.86;7636.91;3854.19;6205.49
1991-08-01;23266.47;7717.97;3517.84;3904.66
1991-09-01;20127.16;2862.06;3289.44;2700.77
1991-10-01;29811.21;8436.7;4165.32;2612.08
1991-11-01;27935.76;7724.62;6194.09;3637.81
1991-12-01;42301.23;9281.3;9586.81;6740.52
1992-01-01;70731.35;5870.25;15159.99;11982.37
1992-02-01;98680.07;7271.44;29885.82;32594.23
1992-03-01;71246.75;8387.34;39188.22;27638.75
1992-04-01;65024.27;7365.16;13239.74;27102.53
1992-05-01;61984.04;25115.47;8654.24;16888.18
1992-06-01;43254.78;29083.72;5718.99;7337.71
1992-07-01;33484.09;21451.92;4626.81;3963.19
1992-08-01;26502.52;17399.61;4237.53;2742.92
1992-09-01;32896.52;12977.97;4252.77;2417.74
1992-10-01;39854.8;7870.11;5660.99;2778.6
1992-11-01;52827.5;8590.49;12678.92;4611.25
1992-12-01;63623.14;5302.88;16198.17;12320.28
1993-01-01;60118.17;5836.33;18028.56;17391.76
1993-02-01;84105.76;9534.98;13782.78;19824.64
1993-03-01;72909.24;8777.9;12504.34;25737.06
1993-04-01;63135.67;5948.24;7933.18;21562.06
1993-05-01;44226.07;12557.63;5705.49;15446.43
1993-06-01;38811.16;11646.86;4329.65;7036.71
1993-07-01;27556.22;19564.52;3785;3936.64
1993-08-01;23911.96;6250.95;3622.26;2640.84
1993-09-01;26170.82;12131.99;3234.22;2406.67
1993-10-01;32358.75;22779.05;3805.33;2644.23
1993-11-01;26186.21;6582.13;4027.51;3435.98
1993-12-01;43079.32;11016.55;5825.5;6097.36
1994-01-01;76329.17;4559.31;15056.29;19409.14
1994-02-01;65163.8;13825.17;14551.58;26607.31
1994-03-01;76139;7732.89;14927.32;33090.03
1994-04-01;57666.94;6939.93;15290.85;31128.35
1994-05-01;42144.81;11624.17;6883.77;21800.62
1994-06-01;34757.14;16101.22;4943.48;10851.08
1994-07-01;28218.14;19539.59;4211.83;6708.43
1994-08-01;21621.33;7196.18;3442.42;3790.04
1994-09-01;17017.31;4628.9;3414.65;2749.38
1994-10-01;18594.03;11029.37;2698.31;2648.67
1994-11-01;29138.19;12981.74;3048.19;2910.59
1994-12-01;44712.62;7323.29;9102.8;7538.02
1995-01-01;64745.33;25435.82;8964.3;18953.38
1995-02-01;97196.62;13049.78;8874.21;26376.7
1995-03-01;68112.21;7394.37;9289.34;27498.22
1995-04-01;62351.75;4342.13;8433.85;30263.47
1995-05-01;45733.42;2540.39;5572.65;28568.32
1995-06-01;31519.17;5216.4;4250.78;18040.88
1995-07-01;27727.58;12062.49;3317.1;7591.88
1995-08-01;20016.2;5969.75;2932.02;4135.84
1995-09-01;17504.06;7523.56;2339.85;2664.38
1995-10-01;27792.82;15068.04;2775.32;2417.47
1995-11-01;28110.84;5872.09;5074.87;3792.38
1995-12-01;40564.18;4258.85;9715.5;9620.58
1996-01-01;63824.3;12497.92;13771.75;18530.79
1996-02-01;52721.77;17121.07;7067.11;18927.56
1996-03-01;66471.32;13286.49;6486.49;24044.67
1996-04-01;49479.38;11440.32;5727;25037.75
1996-05-01;35227.77;3168.3;4012.31;22361.54
1996-06-01;26782.21;7908.66;3147.41;10284.81
1996-07-01;21837.64;14897.67;2639.86;5652.57
1996-08-01;18273.5;10531.48;2092.3;3524.03
1996-09-01;23324.22;13420.97;2042.93;2400.46
1996-10-01;24751.43;18419.62;2454.33;2595.9
1996-11-01;42214.11;11346.41;5105.23;4329.27
1996-12-01;52930.19;8903.54;10168.87;6660.8
1997-01-01;103052.81;10491.03;17725.94;15418.1
1997-02-01;86985.27;22913.54;14897.78;24825.39
1997-03-01;75549.57;9012.46;13817.24;30433.82
1997-04-01;63187.07;3004.83;13638.17;37007.87
1997-05-01;45851.06;3322.9;7943.41;29187.72
1997-06-01;48159.51;10136.32;5291.02;11359.73
1997-07-01;33603.81;12104.71;4069.93;5951.52
1997-08-01;24601.32;18325.53;3656.76;3635.18
1997-09-01;22599.38;8022.86;3212.88;2694.12
1997-10-01;27794.06;36531.26;3321.69;2603.38
1997-11-01;37328.76;34269.93;3875.15;2936.88
1997-12-01;57493.29;13150.09;9202.15;5242.06
1998-01-01;51577.61;15618.74;10315.86;9135.86
1998-02-01;63835.69;24168.4;9750.4;12609.68
1998-03-01;69249.48;19188.36;9536.27;18060.51
1998-04-01;57857.98;31425.02;4839.96;12612.35
1998-05-01;42879.61;22138.1;3608.42;8873.14
1998-06-01;31228.16;8636.16;2863;4503.58
1998-07-01;23747.14;13962.8;2497.37;2894.42
1998-08-01;24569.03;25098.15;2295.14;1705.54
1998-09-01;25092.25;26942.31;2048.68;1497.98
1998-10-01;36005.62;25897.16;2093.23;1501.94
1998-11-01;34316.54;7381.16;5867.2;3145.73
1998-12-01;48311.83;5804.44;9912.71;7534.23
1999-01-01;69747.12;5631.91;9321.19;13112.48
1999-02-01;63407.48;8587.98;5679.2;13622.4
1999-03-01;73300.23;5929.23;11690.68;21624.1
1999-04-01;46504.13;8834.05;7650.58;16924.55
1999-05-01;34671.93;4673.72;3943.29;16229.66
1999-06-01;29632.56;10111.08;2795.81;8188.81
1999-07-01;26175.96;20358.69;2388.18;4008.95
1999-08-01;17984.09;4941.26;2087;2443.27
1999-09-01;18426.81;5491.26;2332.29;1846.75
1999-10-01;15796.23;13516.96;1878.34;2039.92
1999-11-01;23052.78;5389.53;4859.34;3679.51
1999-12-01;37304.72;4053.59;10058.56;9403.84
2000-01-01;65047.85;5184.68;13130.36;22619.06
2000-02-01;79667.3;7143.22;15010.68;28130.17
2000-03-01;76604.87;8138.71;13499.24;33628.38
2000-04-01;50146.85;4456.68;11010.57;31222.23
2000-05-01;32817.43;4905.43;5493.44;22868.84
2000-06-01;26820.26;5527.28;3707.16;9259.57
2000-07-01;23329.71;11758.88;2925.21;5605.63
2000-08-01;21320.17;6573.89;3003.59;3547.92
2000-09-01;32559.62;26711.95;2783.48;2670.01
2000-10-01;20754.74;24981.55;2465.43;2931.59
2000-11-01;33502.43;7975.27;5280.77;5079.83
2000-12-01;52355.26;6367.3;11407.19;12803.57
2001-01-01;50777.14;13133.8;10216.13;18024.98
2001-02-01;53066.48;21065.51;5353.94;20289.26
2001-03-01;54253.46;11076.17;5349.21;25185.36
2001-04-01;42579.07;9078.09;4024.48;25399.34
2001-05-01;32355.47;12012.14;2642.69;14967.17
2001-06-01;27162.5;11160.92;2555.52;9114.07
2001-07-01;21341.42;14246.27;2072.17;5017.14
2001-08-01;17365.43;7989.28;1920.2;2883.48
2001-09-01;17593.71;9550.5;2028.95;2044.58
2001-10-01;24489.47;26486.33;2294.64;2287.36
2001-11-01;30796.71;7660.85;3595.04;3793.04
2001-12-01;48624.21;8531.64;6464.03;9505.77
2002-01-01;75286.61;7397.4;16829.08;27404.85
2002-02-01;83521.11;6055.52;14609.51;26995.24
2002-03-01;64034.03;4675.55;10668.57;22799.26
2002-04-01;43506.66;4166.83;6936.35;21795.44
2002-05-01;37425.08;9313.34;3355.72;12713.63
2002-06-01;27282.71;11206.4;2720.17;7126.28
2002-07-01;21947.72;7173.15;2581.85;3415.96
2002-08-01;18943.4;12113.74;2026.51;2138.31
2002-09-01;19596.6;14950.67;1586.29;1588.43
2002-10-01;15779.72;19026.01;2072.57;1734.68
2002-11-01;26487.66;17431.12;2831.81;2742.94
2002-12-01;41358.53;16790.1;5517.46;4112.27
2003-01-01;70078.25;7789.58;12269.41;7230.26
2003-02-01;74744.43;9201.04;13148.16;13351.08
2003-03-01;63071.37;8336.23;8006.15;23125.8
2003-04-01;57586.41;4078.62;7885.59;28146.72
2003-05-01;36279.14;4252.21;4145.58;16700.7
2003-06-01;29143.35;7666.58;3007.98;6884.05
2003-07-01;23075.11;7225.52;2648.71;4160.64
2003-08-01;17957.84;3198.33;2267.76;3339.8
2003-09-01;16979.98;2780.8;2071.59;1930.32
2003-10-01;18768.55;5771.56;1533.89;1860.39
2003-11-01;25453.54;7433.96;2497.02;3792.64
2003-12-01;40172.03;17129.42;4619.62;7096.44
2004-01-01;59038.43;8950.22;9666.96;13997.21
2004-02-01;86561.38;4520.67;14893.14;32102.19
2004-03-01;77087.22;3276.29;20164.49;37397.78
2004-04-01;61139.02;3943.49;15938.15;35184.25
2004-05-01;46981.82;8800.49;8502.73;22923.1
2004-06-01;39415.1;8235.36;4511.31;9837.34
2004-07-01;31709.89;12744.75;3911.04;5340.77
2004-08-01;22334.16;4553;3034.1;3385.13
2004-09-01;17426.86;8560.72;2716.35;2390.49
2004-10-01;24182.79;14468.95;2709.67;2334.95
2004-11-01;30324.58;12857.98;3202.06;3826.58
2004-12-01;47083.84;5903.49;5406.63;6240.65
2005-01-01;76677.49;5576.5;11832.74;11344.56
2005-02-01;70595.51;2932.94;14948.78;21880.63
2005-03-01;71199.33;2564.54;14561.53;31262.86
2005-04-01;49759.07;6252.8;12408.94;29159.6
2005-05-01;38694.88;14562.37;6703.86;21971.27
2005-06-01;33414.64;17194.43;4427.04;8941.77
2005-07-01;24571.53;9573.44;3571.03;4597.53
2005-08-01;18956.12;7810.27;2974.93;2504.98
2005-09-01;21203.2;27180.7;2904.39;1744.53
2005-10-01;25291.67;29841.09;2737.14;1830.58
2005-11-01;32804.69;12721.49;4062.12;2507.77
2005-12-01;64938.19;4236.26;13025.46;9116
2006-01-01;60305.73;4520.83;12940.31;18879.8
2006-02-01;64349.87;3944.28;6974.03;20512.95
2006-03-01;75358.94;3818.38;10607.78;25707.22
2006-04-01;67243.31;2899.05;13373.11;33755.63
2006-05-01;39463.16;1576.41;7079.88;30302.71
2006-06-01;29390.06;2299.65;3946.67;16013.7
2006-07-01;24395.74;3137.49;3249.54;6479.14
2006-08-01;19889.27;5161;3034.36;3473.92
2006-09-01;20466.08;5385.19;2913.32;2250
2006-10-01;29134.58;5079.04;3936.62;2614.87
2006-11-01;34730.12;7153.88;8529.42;5514.5
2006-12-01;65360.19;7424.1;12069.1;7339.63
2007-01-01;106626.77;6962.2;16845.71;10530.26
2007-02-01;105995.46;7316.64;21353.03;24872.17
2007-03-01;68042.53;9598.25;20496.71;29504.94
2007-04-01;50465.02;8575.52;7774.3;24068.42
2007-05-01;41272.14;19678.75;4634.08;14416.54
2007-06-01;32088.65;7732.41;3859.35;7157.09
2007-07-01;27846.99;12495.2;3034.79;3911.2
2007-08-01;21909.22;6580.2;2973.56;2501.29
2007-09-01;15240.24;8785.36;2224.85;1714.3
2007-10-01;15936.66;10128.42;1799.8;1591.64
2007-11-01;28836.77;14203.73;1899.21;1863.04
2007-12-01;39076.3;7601.09;4721.7;4475.48
2008-01-01;50723.48;7428.39;5809.3;8435.18
2008-02-01;80514;5084.56;11415.64;19166.71
2008-03-01;81907.53;4347.55;13448.26;27859.12
2008-04-01;69829.9;5907.2;14190.69;31031.03
2008-05-01;49568.14;9784.33;5893.85;25118.21
2008-06-01;36867.01;9799.85;3381.21;10654.73
2008-07-01;26215.56;6706.59;2786.11;4931.31
2008-08-01;26082.31;9289.81;2509.35;2921.46
2008-09-01;18916.66;8249.89;2001.88;2031.47
2008-10-01;23907.35;22098.92;2188.8;1963.66
2008-11-01;30586.87;19472.51;2698.7;2478.99
2008-12-01;44803.17;5001.43;7207.52;8493.6
2009-01-01;65257.31;5676.47;15934.13;14285.71
2009-02-01;77705.44;4980.93;14528.74;21400.51
2009-03-01;62494.89;4471.28;10524.38;26426.53
2009-04-01;64652.86;1850.57;13025.48;28264.16
2009-05-01;44150.63;2636.19;7824.72;32223.88
2009-06-01;34604.98;3883.34;4587.37;19562.62
2009-07-01;34447.86;12661.55;3698.16;7527.63
2009-08-01;28711.26;18780.7;2921.1;3744.24
2009-09-01;34913.76;30167.27;3000.09;2654.38
2009-10-01;40526.8;25262.4;4093.33;3017.33
2009-11-01;42912.63;14446.05;7832.02;5680.42
2009-12-01;71780.5;12002.81;7793.82;9856.67
2010-01-01;83916.43;16287.16;10262.22;18856.6
2010-02-01;74636.94;15145.79;5657.04;21878.03
2010-03-01;69798.58;9925.31;7864.55;21800.67
2010-04-01;59950.69;20327.82;8440.7;26521.3
2010-05-01;39130.56;23873.84;3861.28;14655.33
2010-06-01;28795.99;10902.69;3088;7175.57
2010-07-01;23680.53;11582.24;2478.89;3977.09
2010-08-01;18166.92;9253.9;2095.85;2728.88
2010-09-01;15639.65;6921.13;2021.34;1821.22
2010-10-01;23707.76;6897.66;2469.72;1782.47
2010-11-01;32334.85;5650.85;5192.83;3292.67
2010-12-01;49614.13;16668.69;9223.11;7028.05
2011-01-01;85471.55;12380.51;13137.84;16051.37
2011-02-01;63449.91;21215.64;9298.93;25363.64
2011-03-01;102590.71;12851.21;11513.4;32855.99
2011-04-01;72025.84;11387.34;15192.28;32614.94
2011-05-01;45028.13;6352.98;5887.96;26451.45
2011-06-01;34344.31;8372.41;3684.93;10752.7
2011-07-01;27910.84;22845.98;3150.78;5644
2011-08-01;26581.11;31233.33;2430.3;3195.81
2011-09-01;18385.19;25911.95;2180.54;2077.44
2011-10-01;27538.51;11649.87;2744.54;2455.52
2011-11-01;30468.4;7341.11;3927.04;6122.3
2011-12-01;50545.39;3928.56;10529.49;11513.24
2012-01-01;83777.12;6963.95;17083.66;23422.09
2012-02-01;62966.35;5634.08;15403.58;29190.3
2012-03-01;51940.23;4067.91;6437.32;28593.69
2012-04-01;44411.61;4031.46;6333.09;22522.87
2012-05-01;39941.85;5790.47;3723.27;13136.59
2012-06-01;45975.96;14955.65;3616.39;7518.97
2012-07-01;31762.65;10096.91;2739.62;4492.92
2012-08-01;20168.91;8118;2255;2485.88
2012-09-01;16647.6;4926.3;1962.33;1792.26
2012-10-01;17629.43;7630.46;1671.77;1738.2
2012-11-01;26799.06;4898.39;4407.42;3235.13
2012-12-01;34414.83;4622.01;6717.39;7813.1
2013-01-01;56977.12;9073.45;5007.06;11061.21
2013-02-01;68917.79;6992.57;10484.76;24557.43
2013-03-01;64061.95;12996.34;5334.8;24846.85
2013-04-01;66488.42;7769.01;8099.07;25792.12
2013-05-01;38608.05;5031.71;4428.39;21975.22
2013-06-01;44702.03;18909.36;3348.59;9929.52
2013-07-01;35673.53;16444.21;2549.59;5228.27
2013-08-01;21986.09;18303.47;2260.92;3207.34
2013-09-01;19583.39;17433.22;1845.63;2229.92
2013-10-01;27644.37;13697.29;2013.95;2168.07
2013-11-01;29855.9;6631.67;2615.24;4352.79
2013-12-01;49850.71;6590.57;8935.39;9424.44
2014-01-01;43913.26;10161.85;10864.18;17649.66
2014-02-01;42223.09;4864.74;4144.08;25847.36
2014-03-01;58348.32;11021.99;3957.29;31801.47
2014-04-01;53678.93;8066.21;5263.1;29448.27
2014-05-01;37008.66;11697.39;3274.94;22399.36
2014-06-01;35912.56;40670.77;2167.4;10949.57
2014-07-01;24959.32;16109.44;2290.96;5762.84
2014-08-01;18942.77;6438.29;2116.28;3233.92
2014-09-01;16914.91;12542.51;1985.79;2252.09
2014-10-01;16180.14;18495.3;1555.84;2199.4
2014-11-01;21767.15;8197.27;2534.41;3375.07
2014-12-01;42159.46;7638.54;6532.28;7327.64
2015-01-01;33950.96;15632.39;3918.94;10660.39
2015-02-01;49404.6;11653.82;4239;13851.57
2015-03-01;59811.13;7964.35;5659.67;20379.86
2015-04-01;51413.58;6978.17;6790.2;22856.95
2015-05-01;44048.84;6724.32;4283.1;21328.69
2015-06-01;33670.66;13767.18;2565.35;10232.81
2015-07-01;35477.52;28279.76;2001.36;4898.94
2015-08-01;20484.22;8140.4;1727.59;2699.13
2015-09-01;23391.68;13665.63;1379.02;1634.17
2015-10-01;22006;30730.4;1045.37;1472.48
2015-11-01;35151.28;18843.16;1054.5;1762.07
2015-12-01;46288.52;21594.22;3176.23;2145.56
2016-01-01;82002.14;14853.11;7341.84;6296.92
2016-02-01;61508.66;13803.96;13749.24;13304.96
2016-03-01;68135.26;14858.01;4836.23;13006.46
2016-04-01;40548.15;9638.27;2745.22;12791.87
2016-05-01;35366.12;10888.81;1672.38;7665.8
2016-06-01;38660.09;9780.36;1460.12;3680.09
2016-07-01;23191.57;10559.07;1250.1;2201.79
2016-08-01;21281.96;11448.44;1290.5;1274.63
2016-09-01;18762.83;8873.38;1151.36;1147.39
2016-10-01;20145.62;12421.87;1330.89;1355.69
2016-11-01;28052.24;6695.79;2075.97;2291.46
2016-12-01;38197.59;7414.9;5545.42;5350.3
2017-01-01;45148.19;11693.7;4106.31;9245.1
2017-02-01;51712.37;8462.84;4911.16;21694.33
2017-03-01;48288.8;5984.11;3512.97;25557.16
2017-04-01;40913.04;5446.59;2783.02;23024.62
2017-05-01;40011.6;14341.14;1651.27;13370.58
2017-06-01;34857.69;28397;1534.59;6492.16
2017-07-01;20579.14;4232.37;1268.88;3093.63
2017-08-01;17546.49;5171.9;1201.21;1730.65
2017-09-01;13056.95;2703.64;1022.29;1196.59
2017-10-01;16222.4;10886.79;855.3;1051.93
2017-11-01;32044.27;11997.23;1608.53;2096.98
2017-12-01;45640.01;6492.05;5849.76;6452.29
2018-01-01;64058.37;14289.82;5413.62;9951.95
2018-02-01;59850.21;7260.84;6754.02;22406.43
2018-03-01;61966.47;6724.99;8002.53;26567.25
2018-04-01;49663.69;6072.4;5556.62;27998.98
2018-05-01;31460.99;3088.47;2460.7;16571.63
2018-06-01;25013.91;5052.32;1731.31;7316.87
2018-07-01;18043.48;6521.03;1489.41;3779.47
2018-08-01;17135.1;4792.63;1336.04;2242.76
2018-09-01;16381.42;11746.5;1276.19;1651.08
2018-10-01;25815.59;16079.66;1415.81;1428.58
2018-11-01;40850.33;10635.68;3802.07;2801.19
2018-12-01;46328.29;5902.04;8736.37;9302.07
2019-01-01;42697;7468.7;5179.26;12401.6
2019-02-01;46987.07;6745;3654.66;14996.58
2019-03-01;67314.44;9504.82;6240.26;23107.44
2019-04-01;53439;6652.47;6429;27194.6
2019-05-01;39115.32;14025.99;4044.06;18902.86
2019-06-01;31508.47;16356.2;2370.23;9330.5
2019-07-01;22186.06;7060.83;1872.03;4484.5
2019-08-01;16492.7;2855.26;1629.04;2485.11
2019-09-01;13905.9;3274.39;1307.96;1557.59
2019-10-01;14065.4;5367.14;1024.16;1763.29
2019-11-01;19739.07;9331.74;1297.49;2610.06
2019-12-01;39750.13;4488.28;4716.01;4428.24
2020-01-01;49491.64;3391.7;6104.2;9561.08
2020-02-01;74680.84;2718.49;11763.36;17319.03
2020-03-01;71249.33;1849.77;13678.35;29823.55
2020-04-01;48016.2;1022.83;11753.79;30874.25
2020-05-01;32044.65;1736.63;5592.16;24203.46
2020-06-01;25201.04;7119.49;3418.92;11391.67
2020-07-01;20605.63;13303.94;2444.37;4967.47
2020-08-01;17606.03;9821.03;2198.02;2421.7
2020-09-01;13228.83;5076.32;1745.15;1760.93
2020-10-01;12376.85;2766.43;1822.48;1362.86
2020-11-01;19077.55;2048.05;4713.22;3485.2
2020-12-01;30619.19;6968.6;4517.92;4749.6
2021-01-01;46177.41;11618.45;6103.86;8539.9
2021-02-01;51615.93;10071.93;6022.27;16646.38
2021-03-01;52336.4;4959.51;9855.85;29862.88
2021-04-01;35120.04;2273.18;4107;24188.15
2021-05-01;25502.59;2507.44;2683.49;18217.71
2021-06-01;21774.17;6190.24;1596.91;7815.25
2021-07-01;15861.46;4589.83;1613.65;4270.05
2021-08-01;12369.54;3203.13;1359.64;2491.04
2021-09-01;11140.47;7626.97;1265.46;1813.39
2021-10-01;22175.29;12194.9;1311.84;2060.31
2021-11-01;29532.57;5244.87;4133.94;6020.97
2021-12-01;42920.59;2151.69;9872.92;15771.48
2022-01-01;71393.61719;2803.9021;19137.13281;34793.32813
2022-02-01;76408.16406;2739.539063;22047.54297;30398.63477
2022-03-01;52551.96484;6891.801758;17222.75586;32662.64453
2022-04-01;40557.43359;10112.66699;7236.74707;28648.2168
2022-05-01;26960.3457;18803.81641;3641.988037;16165.97754
2022-06-01;24224.96094;24450.4707;2935.187988;8488.540039
2022-07-01;16810.39648;7841.702148;2616.458984;4518.602051
2022-08-01;15855.53711;12549.04102;2117.0979;2676.525879
2022-09-01;16114.25684;9749.171875;1998.465942;1809.154053
2022-10-01;24561.88086;21167.1582;1953.655029;1695.603027
2022-11-01;24616.35938;7783.602051;4022.301025;3823.001953
2022-12-01;42680.69531;8135.274902;9394.870117;10228.41992
2023-01-01;77841.17969;7115.966797;14460.2959;20352.73242
2023-02-01;73924.88281;7204.786133;13847.90039;22389.0625
2023-03-01;71116.75781;8086.680176;7841.49707;27647.74805
2023-04-01;55159.87891;6183.519043;4286.470215;28234.86133
2023-05-01;36569.25781;5272.928223;3759.475098;18802.22852
2023-06-01;30862.03906;8244.96582;2329.188965;8025.952148
2023-07-01;22869.69336;16145.92773;2204.764893;4039.863037
2023-08-01;18553.69336;8120.669922;2162.840088;2182.715088
